"Which company originally developed PyTorch?","Facebook AI Research (now Meta)"
"What is Hugging Face often referred to as?","The GitHub of machine learning"
"What type of models is the Transformers Library known for?","Pre-trained models such as Bert, GPT, and T5"
"What is the primary use of Hugging Face?","Pre-trained NLP models and tools"
"What is the primary use of PyTorch?","Building custom NLP models from scratch"
"What type of computation graph does PyTorch use?","Dynamic computation graph"
"What is the main application of Hugging Face's models?","NLP tasks like text classification, sentiment analysis"
"Which framework is known for its dynamic computation graph?","PyTorch"
"How does Hugging Face enhance frameworks?","Enhances frameworks like PyTorch and TensorFlow"
"What benefit does PyTorch's GPU Acceleration provide?","Handling large-scale computations, beneficial for deep learning"
"What kind of syntax does PyTorch use?","Python-based syntax"
"What is a key feature of Hugging Face in terms of usability?","Ease of use with a straightforward interface"
"How can developers integrate Hugging Face with PyTorch?","Integrate PyTorch with Hugging Face transformers for complex NLP tasks"
"What kind of tasks can Hugging Face models handle?","Text classification, sentiment analysis, text generation"
"Who is the target audience for PyTorch?","Academic and research communities"
"Why is Hugging Face considered a collaborative hub?","Supports open sharing and testing among developers"
"What feature of PyTorch facilitates rapid prototyping and debugging?","Dynamic computation graph"
"What kind of tasks can PyTorch be applied to?","Deep learning, prototyping, extensive ML models"
"What is a common application of NLP models from Hugging Face?","Sentiment analysis"
"How does Hugging Face support community and collaboration?","By facilitating open sharing and testing among developers"
"What is a key feature of PyTorch related to neural networks?","Supports a wide variety of neural network architectures"
"What is an example of a task Hugging Face models can perform?","Language translation using models like T5 and MT"
"What is a benefit of using Hugging Face's pre-trained models?","They are ready to use for various NLP tasks"
"What is an application of Hugging Face mentioned in the notes?","Question answering"
"What is another application of Hugging Face models?","Text summarization"